agent,avg_coverage,avg_steps,avg_reward,detection_rate,avg_info_gain
Random,0.06823529411764705,2.5,-249.42426,0.98,1.5466799999999998
BFS,0.06666666666666667,2.4,-258.73720000000003,1.0,1.5072599999999996
DFS,0.06627450980392158,2.38,-257.9706,1.0,1.49702
Greedy,0.07294117647058823,2.72,-254.82899999999998,1.0,1.5384
DQN,0.0196078431372549,1.0,18.0,0.0,0.58508
PPO,0.07019607843137254,2.58,-253.9814,1.0,1.62658
A2C,0.0196078431372549,1.0,18.0,0.0,0.5900799999999999
